2,3,6,1,14,0,1780906788
0-3,0-4,1-1,1-2,2-1,2-3,2-4,2-5,3-2,3-3,
1-1,1-2,3-4,3-5,4-2,4-3,4-4,4-5,5-2,5-3,5-4,5-5,
0-0,1-5,2-2,
1-3,2-0,5-1,
2,2,6,1,3,0,1780911386
0-3,2-1,2-2,2-4,3-3,4-1,4-2,5-3,5-5,
0-0,1-1,
4-3,4-5,5-0,
0-2,1-4,5-1,
2,3,6,1,1,0,1780911862
0-1,0-4,1-0,1-2,1-4,3-2,3-4,4-0,4-5,5-4,

2-2,4-2,5-0,
2-5,3-3,5-1,
2,3,6,1,1,0,1780912281
0-0,0-4,1-3,1-5,2-0,3-5,4-0,5-0,5-2,5-3,

1-1,3-1,4-3,
2-5,4-5,5-5,
2,3,6,1,1,0,1780914652
0-2,1-0,1-2,1-5,2-3,3-2,4-4,5-1,5-3,5-5,

1-3,2-1,2-4,
2-5,3-5,5-4,
2,2,6,1,1,0,1780914764
0-2,0-3,0-5,1-0,1-2,2-1,3-4,4-2,4-3,

1-1,3-0,5-1,
2-0,4-1,5-0,
2,2,6,1,1,0,1780915018
0-3,1-0,1-1,1-4,2-1,2-5,3-0,5-0,5-4,

1-2,4-1,5-2,
1-3,2-3,4-5,
2,1,6,1,1,0,1780915436
0-2,2-0,3-0,3-3,4-0,4-2,5-2,

0-0,1-3,3-4,
0-1,4-1,5-3,
2,1,6,1,1,0,1780915721
0-1,0-2,1-1,2-1,2-4,3-3,5-1,

1-5,4-0,5-0,
0-0,1-3,3-5,
2,2,6,1,1,0,1781012160
0-0,0-2,0-4,1-4,1-5,2-2,4-1,5-1,5-3,

2-0,3-5,4-3,
0-3,1-0,3-3,
2,2,6,3,4,0,1781012160
0-0,0-2,0-4,1-4,1-5,2-2,4-1,5-1,5-3,
0-3,1-0,3-3,
2-0,3-5,4-3,
0-3,1-0,3-3,
2,2,6,3,5,6,1781012160
0-0,0-2,0-4,1-4,1-5,2-2,4-1,5-1,5-3,
0-3,1-0,2-0,3-3,
2-0,3-5,4-3,
0-3,1-0,3-3,
2,1,6,1,1,4,1781105407
1-0,2-1,2-3,2-5,4-0,4-2,4-4,

1-2,4-3,5-2,
2-2,2-4,5-5,
2,1,12,1,1,26,1781105695
0-0,0-4,0-8,0-10,1-6,1-7,1-8,1-9,2-2,2-10,3-2,4-0,4-6,4-9,5-0,5-1,6-10,7-8,7-11,8-5,8-8,9-9,10-4,10-5,11-3,11-9,11-10,11-11,

4-11,6-3,8-1,8-4,8-9,9-1,
1-0,1-10,3-1,4-2,5-7,10-3,
2,1,12,1,1,0,1781105894
0-1,0-2,0-7,0-11,1-0,1-6,1-9,2-7,3-0,3-7,4-2,4-10,5-9,5-10,6-2,6-7,6-9,7-0,7-2,8-0,8-5,8-8,9-1,9-9,10-1,10-7,11-5,11-6,

1-5,4-4,5-5,7-1,8-9,9-7,
0-3,1-3,2-8,3-3,3-8,10-5,
